{"accuracy": [0.6685091257095337, 0.7257843017578125, 0.7428985834121704, 0.7544582486152649, 0.7639343738555908, 0.7711176872253418, 0.7805255055427551, 0.7881318926811218, 0.7954880595207214, 0.8033537268638611, 0.8077073693275452, 0.8112012147903442, 0.8134621977806091, 0.8149861693382263, 0.8163464069366455, 0.8194899559020996, 0.819640040397644, 0.8225197196006775, 0.8230019807815552, 0.8248625993728638, 0.8276603817939758, 0.8280106782913208, 0.8279242515563965, 0.8286839723587036, 0.8300351500511169, 0.8313225507736206, 0.8320777416229248, 0.8333287835121155, 0.835503339767456, 0.8346935510635376, 0.835157573223114, 0.8364813923835754, 0.8376096487045288, 0.8385422229766846, 0.839606761932373, 0.839738667011261, 0.8405894041061401, 0.8419723510742188, 0.8430095911026001, 0.8428322076797485, 0.8421361446380615, 0.8432871103286743, 0.843550980091095, 0.8465671539306641, 0.8437920808792114, 0.8453115224838257, 0.8451932668685913, 0.8460894823074341, 0.8460485339164734, 0.8473177552223206, 0.8470038771629333, 0.8484141230583191, 0.8471676111221313, 0.8492921590805054, 0.849119246006012, 0.8496788144111633, 0.8494604825973511, 0.851625919342041, 0.8509435057640076, 0.8508434295654297, 0.8520717620849609, 0.8520444631576538, 0.8519489169120789, 0.8511982560157776, 0.8525448441505432, 0.8529725074768066, 0.8541325330734253, 0.853914201259613, 0.8535320162773132, 0.8537094593048096, 0.8541325330734253, 0.8538914322853088, 0.8554154634475708, 0.8552289009094238, 0.8564799427986145, 0.8549832701683044, 0.8556519746780396, 0.8563298583030701, 0.8555245995521545, 0.8551561236381531, 0.8561569452285767, 0.8556883931159973, 0.8571668863296509, 0.8568302392959595, 0.8569212555885315, 0.8570986390113831, 0.8582177758216858, 0.8582541942596436, 0.8589774966239929, 0.8584270477294922, 0.8580676317214966],
"loss": [0.8119643330574036, 0.6843485236167908, 0.6439811587333679, 0.6174871921539307, 0.5956410765647888, 0.5766904354095459, 0.558632493019104, 0.5416219234466553, 0.52663254737854, 0.5104145407676697, 0.49902793765068054, 0.49254316091537476, 0.4889846444129944, 0.48255833983421326, 0.4800165891647339, 0.47379961609840393, 0.4703691899776459, 0.46545442938804626, 0.4640182852745056, 0.4581926167011261, 0.4533124566078186, 0.4522050619125366, 0.45018714666366577, 0.4485900402069092, 0.44573891162872314, 0.44351494312286377, 0.43875882029533386, 0.43648234009742737, 0.4335895776748657, 0.4353058338165283, 0.4348076581954956, 0.42921182513237, 0.42822226881980896, 0.425213485956192, 0.42174968123435974, 0.4233047366142273, 0.4205568730831146, 0.41915151476860046, 0.41550254821777344, 0.4151787757873535, 0.41509899497032166, 0.4133824110031128, 0.413404643535614, 0.4086381793022156, 0.41295984387397766, 0.4115475118160248, 0.4077174961566925, 0.4063408076763153, 0.40781354904174805, 0.4046020805835724, 0.40460827946662903, 0.4020824134349823, 0.4024553596973419, 0.4007977247238159, 0.39954420924186707, 0.39934784173965454, 0.39853110909461975, 0.39531251788139343, 0.39512425661087036, 0.3958006799221039, 0.3932931423187256, 0.3927759826183319, 0.3923637270927429, 0.39344266057014465, 0.3911997079849243, 0.3914109766483307, 0.3888764977455139, 0.38979372382164, 0.3889884352684021, 0.38788002729415894, 0.3872125446796417, 0.38863447308540344, 0.3866024911403656, 0.38544073700904846, 0.38233208656311035, 0.38370105624198914, 0.3835434317588806, 0.3809007406234741, 0.3819856643676758, 0.3840252757072449, 0.38298124074935913, 0.3829891085624695, 0.37868720293045044, 0.3803556263446808, 0.37946051359176636, 0.379520058631897, 0.37802714109420776, 0.37747156620025635, 0.3777374029159546, 0.37743183970451355, 0.37740498781204224],
"val_accuracy": [0.7475160956382751, 0.7690795660018921, 0.7942643165588379, 0.7946646213531494, 0.7834734320640564, 0.8243439793586731, 0.8363176584243774, 0.842122495174408, 0.8478363752365112, 0.8535502552986145, 0.8499472141265869, 0.8652327656745911, 0.8525311946868896, 0.8486734628677368, 0.8640681505203247, 0.8718928694725037, 0.8624122142791748, 0.8640681505203247, 0.8675437569618225, 0.870036780834198, 0.8733668327331543, 0.8695090413093567, 0.8550969958305359, 0.876369297504425, 0.847909152507782, 0.8763511180877686, 0.8685628175735474, 0.8741492629051208, 0.8854860663414001, 0.8831022381782532, 0.8768788576126099, 0.8796265721321106, 0.8806456327438354, 0.8686174154281616, 0.8769516348838806, 0.8700913786888123, 0.8834661841392517, 0.8809368014335632, 0.8758051991462708, 0.8818284273147583, 0.8828838467597961, 0.8844488263130188, 0.8763875365257263, 0.8671616315841675, 0.8800997138023376, 0.8878152370452881, 0.8739309310913086, 0.8872693777084351, 0.8833751678466797, 0.8819194436073303, 0.8830840587615967, 0.8656512498855591, 0.8838301301002502, 0.8838847279548645, 0.8844488263130188, 0.8873967528343201, 0.8794082403182983, 0.8832296133041382, 0.8899261355400085, 0.889944314956665, 0.889180064201355, 0.8816282749176025, 0.883684515953064, 0.8732758164405823, 0.8795537948608398, 0.8867234587669373, 0.8829020857810974, 0.8934199810028076, 0.8883793950080872, 0.8919095993041992, 0.8839938640594482, 0.875823438167572, 0.8940204381942749, 0.8853950500488281, 0.8855588436126709, 0.8921825289726257, 0.8882520198822021, 0.8934745192527771, 0.8871237635612488, 0.8887433409690857, 0.8985151052474976, 0.8836299180984497, 0.8850493431091309, 0.8975688815116882, 0.8887251019477844, 0.8899261355400085, 0.8949303030967712, 0.8909451365470886, 0.8920005559921265, 0.8906540274620056, 0.8890708684921265],
"val_loss": [0.6449965834617615, 0.5749319791793823, 0.5393981337547302, 0.5204151272773743, 0.5368035435676575, 0.4611545205116272, 0.4436947703361511, 0.41649824380874634, 0.40193450450897217, 0.388339102268219, 0.40065598487854004, 0.3709237277507782, 0.39697152376174927, 0.39769622683525085, 0.37014254927635193, 0.36239784955978394, 0.3729119598865509, 0.3703078031539917, 0.3624451160430908, 0.3441597521305084, 0.34102725982666016, 0.3517800569534302, 0.3764130473136902, 0.338669091463089, 0.37914061546325684, 0.3427802324295044, 0.33903658390045166, 0.33752185106277466, 0.31997764110565186, 0.3211028277873993, 0.32999318838119507, 0.3145664632320404, 0.3228410482406616, 0.34283512830734253, 0.3278822898864746, 0.3424738943576813, 0.31301480531692505, 0.32088330388069153, 0.3225664496421814, 0.3196772038936615, 0.318266898393631, 0.309757262468338, 0.3112480342388153, 0.33063846826553345, 0.31266775727272034, 0.29835280776023865, 0.32411596179008484, 0.30499985814094543, 0.30636224150657654, 0.30699023604393005, 0.300865113735199, 0.3364856541156769, 0.3070143163204193, 0.3008806109428406, 0.3036242425441742, 0.29603320360183716, 0.31816816329956055, 0.30977514386177063, 0.2968939542770386, 0.2841971814632416, 0.28683194518089294, 0.30992335081100464, 0.2950417995452881, 0.32396164536476135, 0.3124944269657135, 0.29550474882125854, 0.31874385476112366, 0.28851500153541565, 0.2927585542201996, 0.28284817934036255, 0.29573166370391846, 0.3136657476425171, 0.28575411438941956, 0.29978147149086, 0.2862359285354614, 0.289180189371109, 0.28276705741882324, 0.28671887516975403, 0.2948788106441498, 0.289879709482193, 0.275134801864624, 0.2901955544948578, 0.28762373328208923, 0.2775692939758301, 0.2908807694911957, 0.28281426429748535, 0.2792201042175293, 0.2906108498573303, 0.28289905190467834, 0.2871232032775879, 0.2884163558483124]} 